"ID de lugar","ID de campaña o aviso institucional",Lugar
188,1,Aguascalientes
189,1,"Baja California"
190,1,"Baja California Sur"
191,1,Campeche
194,1,Chiapas
195,1,Chihuahua
192,1,"Coahuila de Zaragoza"
193,1,Colima
196,1,"Distrito Federal"
197,1,Durango
198,1,Guanajuato
199,1,Guerrero
200,1,Hidalgo
201,1,Jalisco
202,1,Mexico
203,1,"Michoacan de Ocampo"
204,1,Morelos
205,1,Nayarit
206,1,"Nuevo Leon"
207,1,Oaxaca
208,1,Puebla
209,1,Queretaro
210,1,"Quintana Roo"
211,1,"San Luis Potosi"
212,1,Sinaloa
213,1,Sonora
214,1,Tabasco
215,1,Tamaulipas
216,1,Tlaxcala
217,1,"Veracruz de Ignacio de la Llave"
218,1,Yucatan
219,1,Zacatecas
14,2,Aguascalientes
12,2,"Baja California"
52,2,Chihuahua
15,2,"Estado de Mexico"
13,2,Guanajuato
7,2,Jalisco
10,2,Michoacan
51,2,Nacional
6,2,"Nuevo Leon"
11,2,Puebla
53,2,Sonora
8,2,Veracruz
5,2,Yucatan
9,2,Zacatecas
60,3,Aguascalientes
61,3,"Baja California"
62,3,"Baja California Sur"
63,3,Campeche
66,3,Chiapas
67,3,Chihuahua
64,3,"Coahuila de Zaragoza"
65,3,Colima
68,3,"Distrito Federal"
69,3,Durango
70,3,Guanajuato
71,3,Guerrero
72,3,Hidalgo
73,3,Jalisco
74,3,Mexico
75,3,"Michoacan de Ocampo"
76,3,Morelos
77,3,Nayarit
78,3,"Nuevo Leon"
79,3,Oaxaca
80,3,Puebla
81,3,Queretaro
82,3,"Quintana Roo"
83,3,"San Luis Potosi"
84,3,Sinaloa
85,3,Sonora
86,3,Tabasco
87,3,Tamaulipas
88,3,Tlaxcala
89,3,"Veracruz de Ignacio de la Llave"
90,3,Yucatan
91,3,Zacatecas
92,4,Aguascalientes
93,4,"Baja California"
94,4,"Baja California Sur"
95,4,Campeche
98,4,Chiapas
99,4,Chihuahua
96,4,"Coahuila de Zaragoza"
97,4,Colima
100,4,"Distrito Federal"
101,4,Durango
102,4,Guanajuato
103,4,Guerrero
104,4,Hidalgo
105,4,Jalisco
106,4,Mexico
107,4,"Michoacan de Ocampo"
108,4,Morelos
109,4,Nayarit
110,4,"Nuevo Leon"
111,4,Oaxaca
112,4,Puebla
113,4,Queretaro
114,4,"Quintana Roo"
115,4,"San Luis Potosi"
116,4,Sinaloa
117,4,Sonora
118,4,Tabasco
119,4,Tamaulipas
120,4,Tlaxcala
121,4,"Veracruz de Ignacio de la Llave"
122,4,Yucatan
123,4,Zacatecas
124,5,Aguascalientes
125,5,"Baja California"
126,5,"Baja California Sur"
127,5,Campeche
130,5,Chiapas
131,5,Chihuahua
128,5,"Coahuila de Zaragoza"
129,5,Colima
132,5,"Distrito Federal"
133,5,Durango
134,5,Guanajuato
135,5,Guerrero
136,5,Hidalgo
137,5,Jalisco
138,5,Mexico
139,5,"Michoacan de Ocampo"
140,5,Morelos
141,5,Nayarit
142,5,"Nuevo Leon"
143,5,Oaxaca
144,5,Puebla
145,5,Queretaro
146,5,"Quintana Roo"
147,5,"San Luis Potosi"
148,5,Sinaloa
149,5,Sonora
150,5,Tabasco
151,5,Tamaulipas
152,5,Tlaxcala
153,5,"Veracruz de Ignacio de la Llave"
154,5,Yucatan
155,5,Zacatecas
156,6,Aguascalientes
157,6,"Baja California"
158,6,"Baja California Sur"
159,6,Campeche
162,6,Chiapas
163,6,Chihuahua
160,6,"Coahuila de Zaragoza"
161,6,Colima
164,6,"Distrito Federal"
165,6,Durango
166,6,Guanajuato
167,6,Guerrero
168,6,Hidalgo
169,6,Jalisco
170,6,Mexico
171,6,"Michoacan de Ocampo"
172,6,Morelos
173,6,Nayarit
174,6,"Nuevo Leon"
175,6,Oaxaca
176,6,Puebla
177,6,Queretaro
178,6,"Quintana Roo"
179,6,"San Luis Potosi"
180,6,Sinaloa
181,6,Sonora
182,6,Tabasco
183,6,Tamaulipas
184,6,Tlaxcala
185,6,"Veracruz de Ignacio de la Llave"
186,6,Yucatan
187,6,Zacatecas
220,7,Aguascalientes
221,7,"Baja California"
222,7,"Baja California Sur"
223,7,Campeche
226,7,Chiapas
227,7,Chihuahua
224,7,"Coahuila de Zaragoza"
225,7,Colima
228,7,"Distrito Federal"
229,7,Durango
230,7,Guanajuato
232,7,Guerrero
233,7,Hidalgo
234,7,Jalisco
235,7,Mexico
236,7,"Michoacan de Ocampo"
237,7,Morelos
238,7,Nayarit
239,7,"Nuevo Leon"
240,7,Oaxaca
241,7,Puebla
242,7,Queretaro
243,7,"Quintana Roo"
244,7,"San Luis Potosi"
245,7,Sinaloa
246,7,Sonora
247,7,Tabasco
248,7,Tamaulipas
249,7,Tlaxcala
250,7,"Veracruz de Ignacio de la Llave"
251,7,Yucatan
252,7,Zacatecas
253,8,Aguascalientes
254,8,"Baja California"
255,8,"Baja California Sur"
256,8,Campeche
259,8,Chiapas
260,8,Chihuahua
257,8,"Coahuila de Zaragoza"
258,8,Colima
261,8,"Distrito Federal"
262,8,Durango
263,8,Guanajuato
264,8,Guerrero
265,8,Hidalgo
266,8,Jalisco
267,8,Mexico
268,8,"Michoacan de Ocampo"
269,8,Morelos
270,8,Nayarit
271,8,"Nuevo Leon"
272,8,Oaxaca
273,8,Puebla
274,8,Queretaro
275,8,"Quintana Roo"
276,8,"San Luis Potosi"
277,8,Sinaloa
278,8,Sonora
279,8,Tabasco
280,8,Tamaulipas
281,8,Tlaxcala
282,8,"Veracruz de Ignacio de la Llave"
283,8,Yucatan
284,8,Zacatecas
285,10,Aguascalientes
286,10,"Baja California"
287,10,"Baja California Sur"
288,10,Campeche
291,10,Chiapas
292,10,Chihuahua
289,10,"Coahuila de Zaragoza"
290,10,Colima
293,10,"Distrito Federal"
294,10,Durango
295,10,Guanajuato
296,10,Guerrero
297,10,Hidalgo
298,10,Jalisco
299,10,Mexico
300,10,"Michoacan de Ocampo"
301,10,Morelos
302,10,Nayarit
303,10,"Nuevo Leon"
304,10,Oaxaca
305,10,Puebla
306,10,Queretaro
307,10,"Quintana Roo"
308,10,"San Luis Potosi"
309,10,Sinaloa
310,10,Sonora
311,10,Tabasco
312,10,Tamaulipas
313,10,Tlaxcala
314,10,"Veracruz de Ignacio de la Llave"
315,10,Yucatan
316,10,Zacatecas
317,11,Aguascalientes
318,11,"Baja California"
319,11,"Baja California Sur"
320,11,Campeche
323,11,Chiapas
324,11,Chihuahua
321,11,"Coahuila de Zaragoza"
322,11,Colima
325,11,"Distrito Federal"
326,11,Durango
327,11,Guanajuato
328,11,Guerrero
329,11,Hidalgo
330,11,Jalisco
331,11,Mexico
332,11,"Michoacan de Ocampo"
333,11,Morelos
334,11,Nayarit
335,11,"Nuevo Leon"
336,11,Oaxaca
337,11,Puebla
338,11,Queretaro
339,11,"Quintana Roo"
340,11,"San Luis Potosi"
341,11,Sinaloa
342,11,Sonora
343,11,Tabasco
344,11,Tamaulipas
345,11,Tlaxcala
346,11,"Veracruz de Ignacio de la Llave"
347,11,Yucatan
348,11,Zacatecas
21,12,Aguascalientes
22,12,"Baja California"
23,12,"Baja California Sur"
24,12,Campeche
25,12,Chiapas
26,12,Chihuahua
27,12,"Coahuila de Zaragoza"
28,12,Colima
54,12,"Distrito Federal"
29,12,Durango
56,12,"Estado de Mexico"
30,12,Guanajuato
55,12,Guerrero
31,12,Hidalgo
32,12,Jalisco
33,12,"Michoacan de Ocampo"
34,12,Morelos
36,12,Nayarit
37,12,"Nuevo Leon"
38,12,Oaxaca
39,12,Puebla
57,12,Queretaro
40,12,"Quintana Roo"
41,12,"San Luis Potosi"
42,12,Sinaloa
43,12,Sonora
44,12,Tabasco
45,12,Tamaulipas
58,12,Tlaxcala
46,12,"Veracruz de Ignacio de la Llave"
47,12,Yucatan
59,12,Zacatecas
349,13,Aguascalientes
350,13,"Baja California"
351,13,"Baja California Sur"
352,13,Campeche
355,13,Chiapas
356,13,Chihuahua
353,13,"Coahuila de Zaragoza"
354,13,Colima
357,13,"Distrito Federal"
358,13,Durango
359,13,Guanajuato
360,13,Guerrero
361,13,Hidalgo
362,13,Jalisco
363,13,Mexico
364,13,"Michoacan de Ocampo"
365,13,Morelos
366,13,Nayarit
367,13,"Nuevo Leon"
368,13,Oaxaca
369,13,Puebla
370,13,Queretaro
371,13,"Quintana Roo"
372,13,"San Luis Potosi"
373,13,Sinaloa
374,13,Sonora
375,13,Tabasco
376,13,Tamaulipas
377,13,Tlaxcala
378,13,"Veracruz de Ignacio de la Llave"
379,13,Yucatan
380,13,Zacatecas
381,14,Aguascalientes
382,14,"Baja California"
383,14,"Baja California Sur"
384,14,Campeche
387,14,Chiapas
388,14,Chihuahua
385,14,"Coahuila de Zaragoza"
386,14,Colima
389,14,"Distrito Federal"
390,14,Durango
391,14,Guanajuato
392,14,Guerrero
393,14,Hidalgo
394,14,Jalisco
395,14,Mexico
396,14,"Michoacan de Ocampo"
397,14,Morelos
398,14,Nayarit
399,14,"Nuevo Leon"
400,14,Oaxaca
401,14,Puebla
402,14,Queretaro
403,14,"Quintana Roo"
404,14,"San Luis Potosi"
405,14,Sinaloa
406,14,Sonora
407,14,Tabasco
408,14,Tamaulipas
409,14,Tlaxcala
410,14,"Veracruz de Ignacio de la Llave"
411,14,Yucatan
412,14,Zacatecas
413,17,Aguascalientes
414,17,"Baja California"
415,17,"Baja California Sur"
416,17,Campeche
419,17,Chiapas
420,17,Chihuahua
417,17,"Coahuila de Zaragoza"
418,17,Colima
421,17,"Distrito Federal"
422,17,Durango
423,17,Guanajuato
424,17,Guerrero
425,17,Hidalgo
426,17,Jalisco
427,17,Mexico
428,17,"Michoacan de Ocampo"
429,17,Morelos
430,17,Nayarit
431,17,"Nuevo Leon"
432,17,Oaxaca
433,17,Puebla
434,17,Queretaro
435,17,"Quintana Roo"
436,17,"San Luis Potosi"
437,17,Sinaloa
438,17,Sonora
439,17,Tabasco
440,17,Tamaulipas
441,17,Tlaxcala
442,17,"Veracruz de Ignacio de la Llave"
443,17,Yucatan
444,17,Zacatecas
